-- Art Admin 初始化数据
-- 默认管理员账号：admin / 123456
-- 注意：所有 ID 现在使用 BIGINT 类型（雪花ID格式）

-- ----------------------------
-- 初始化超级管理员用户
-- 密码：123456（使用 SHA256 + Base64 加密）
-- ----------------------------
INSERT INTO `sys_user` (`id`, `username`, `password`, `real_name`, `is_super`, `status`, `created_time`) 
VALUES (1000000000000001, 'admin', 'jZae727K08KaOmKSgOaGzww/XVqGr/PKEgIMkjrcbJI=', '超级管理员', 1, 1, NOW(6));


-- ----------------------------
-- RBAC 权限管理初始数据
-- ----------------------------

-- 初始化角色数据
INSERT INTO `sys_role` (`id`, `name`, `code`, `description`, `status`) VALUES
(1000000000000001, '超级管理员', 'SUPER_ADMIN', '拥有系统所有权限', 1),
(1000000000000002, '普通管理员', 'ADMIN', '拥有基本管理权限', 1),
(1000000000000003, '普通用户', 'USER', '普通用户角色', 1);

-- 初始化菜单数据
INSERT INTO `sys_menu` (`id`, `parent_id`, `name`, `code`, `path`, `component`, `icon`, `sort`, `is_visible`, `status`) VALUES
(1000000000001000, NULL, '仪表盘', 'dashboard', '/dashboard', '/index/index', 'ri:dashboard-line', 3, 1, 1),
(1000000000001001, 1000000000001000, '工作台', 'console', 'console', '/dashboard/console', NULL, 1, 1, 1),
(1000000000001002, 1000000000001000, '分析页', 'analysis', 'analysis', '/dashboard/analysis', NULL, 2, 1, 1),
(1000000000002000, NULL, '系统管理', 'system', '/system', '/index/index', 'ri:settings-line', 90, 1, 1),
(1000000000002001, 1000000000002000, '用户管理', 'user', 'user', '/system/user', NULL, 1, 1, 1),
(1000000000002002, 1000000000002000, '角色管理', 'role', 'role', '/system/role', NULL, 2, 1, 1),
(1000000000002003, 1000000000002000, '菜单管理', 'menu', 'menu', '/system/menu', NULL, 3, 1, 1);

-- 初始化权限数据
INSERT INTO `sys_permission` (`id`, `menu_id`, `name`, `code`) VALUES
(1000000000003001, 1000000000002001, '新增', 'system:user:add'),
(1000000000003002, 1000000000002001, '编辑', 'system:user:edit'),
(1000000000003003, 1000000000002001, '删除', 'system:user:delete'),
(1000000000003004, 1000000000002002, '新增', 'system:role:add'),
(1000000000003005, 1000000000002002, '编辑', 'system:role:edit'),
(1000000000003006, 1000000000002002, '删除', 'system:role:delete'),
(1000000000003007, 1000000000002003, '新增', 'system:menu:add'),
(1000000000003008, 1000000000002003, '编辑', 'system:menu:edit'),
(1000000000003009, 1000000000002003, '删除', 'system:menu:delete');

-- 为用户(admin)分配超管角色
INSERT INTO `sys_user_role` (`user_id`, `role_id`) VALUES (1000000000000001, 1000000000000001);

-- 为超管分配所有菜单
INSERT INTO `sys_role_menu` (`role_id`, `menu_id`) VALUES
(1000000000000001, 1000000000001000), (1000000000000001, 1000000000001001), (1000000000000001, 1000000000001002),
(1000000000000001, 1000000000002000), (1000000000000001, 1000000000002001), (1000000000000001, 1000000000002002), (1000000000000001, 1000000000002003);

-- 为超管分配所有权限
INSERT INTO `sys_role_permission` (`role_id`, `permission_id`) VALUES
(1000000000000001, 1000000000003001), (1000000000000001, 1000000000003002), (1000000000000001, 1000000000003003),
(1000000000000001, 1000000000003004), (1000000000000001, 1000000000003005), (1000000000000001, 1000000000003006),
(1000000000000001, 1000000000003007), (1000000000000001, 1000000000003008), (1000000000000001, 1000000000003009);
